id;client_name;client_description;contact_number;address;national_id;email;created_at;updated_at
1;wolf woot;eek;unknown;quietly;favorable;Jackeline.Rolfson@gmail.com;2025-01-30T01:42:44;2025-01-30T03:41:22
2;how reconsideration;boo cricket duh;given dally;finished;gently delirious amid;Vanessa.Schuppe79@hotmail.com;2025-01-30T08:58:14;2025-01-30T14:45:23
3;psst flimsy of;midst poetry;even beneath;mmm;instead gloom;Pete_Powlowski@hotmail.com;2025-01-30T04:46:16;2025-01-30T13:07:53
4;acidly ack modulo;misread like naturally;as dearly utilization;geez while supposing;minion;Anastasia_Rosenbaum@yahoo.com;2025-01-30T09:42:33;2025-01-30T00:28:00
5;geez repeatedly;joyfully bah depart;ugh but outflank;pish;nor including yippee;Lola_Reilly18@yahoo.com;2025-01-30T15:51:24;2025-01-30T11:26:33
6;testify refer;duh who which;outdo creaking;fold flood unimpressively;fake;Wilber_Beahan-Paucek@yahoo.com;2025-01-30T14:16:48;2025-01-30T07:09:47
7;questionably pfft sharply;oof spellcheck;fraternise;mmm;pivot;Magali_Stehr@hotmail.com;2025-01-30T09:33:36;2025-01-29T23:17:04
8;publicity appertain;meh metallic voluntarily;enchanting pepper;restfully huzzah;intently er now;Loyal.Hoeger75@gmail.com;2025-01-30T09:55:47;2025-01-30T00:43:05
9;amnesty;gosh cautiously judgementally;tribe ack without;ruin;weary;Alene.Ferry74@yahoo.com;2025-01-30T16:10:16;2025-01-30T04:00:56
10;ick above;new bleakly consequently;if;not;anxiously phooey;Dock.Toy79@gmail.com;2025-01-30T01:18:25;2025-01-30T08:59:09
